height,width,density,temperature,truck_strategy,river_width,break_width,random_fires,num_firetruck,vision,max_speed,wind_strength,wind_dir,sparse_ratio,steps_to_extinguishment,placed_on_edges
100,100,0.8,20,Goes to the biggest fire,0,0,0,10,100,15,20,↗ North/East,0,1,0
100,100,0.8,20,Goes to the biggest fire,0,0,0,10,100,15,20,↗ North/East,0,1,1
100,100,0.8,20,Goes to the biggest fire,0,0,0,10,100,15,20,↗ North/East,0,2,0
100,100,0.8,20,Goes to the biggest fire,0,0,0,10,100,15,20,↗ North/East,0,2,1
100,100,0.8,20,Goes to the biggest fire,0,0,0,10,100,15,20,↗ North/East,0,6,0
100,100,0.8,20,Goes to the biggest fire,0,0,0,10,100,15,20,↗ North/East,0,6,1
100,100,0.8,20,Goes to the biggest fire,0,0,0,10,100,15,20,↘ South/East,0,1,0
100,100,0.8,20,Goes to the biggest fire,0,0,0,10,100,15,20,↘ South/East,0,1,1
100,100,0.8,20,Goes to the biggest fire,0,0,0,10,100,15,20,↘ South/East,0,2,0
100,100,0.8,20,Goes to the biggest fire,0,0,0,10,100,15,20,↘ South/East,0,2,1
100,100,0.8,20,Goes to the biggest fire,0,0,0,10,100,15,20,↘ South/East,0,6,0
100,100,0.8,20,Goes to the biggest fire,0,0,0,10,100,15,20,↘ South/East,0,6,1
100,100,0.8,20,Goes to the biggest fire,0,0,0,10,100,15,20,↙ South/West,0,1,0
100,100,0.8,20,Goes to the biggest fire,0,0,0,10,100,15,20,↙ South/West,0,1,1
100,100,0.8,20,Goes to the biggest fire,0,0,0,10,100,15,20,↙ South/West,0,2,0
100,100,0.8,20,Goes to the biggest fire,0,0,0,10,100,15,20,↙ South/West,0,2,1
100,100,0.8,20,Goes to the biggest fire,0,0,0,10,100,15,20,↙ South/West,0,6,0
100,100,0.8,20,Goes to the biggest fire,0,0,0,10,100,15,20,↙ South/West,0,6,1
100,100,0.8,20,Goes to the biggest fire,0,0,0,10,100,15,20,↖ North/West,0,1,0
100,100,0.8,20,Goes to the biggest fire,0,0,0,10,100,15,20,↖ North/West,0,1,1
100,100,0.8,20,Goes to the biggest fire,0,0,0,10,100,15,20,↖ North/West,0,2,0
100,100,0.8,20,Goes to the biggest fire,0,0,0,10,100,15,20,↖ North/West,0,2,1
100,100,0.8,20,Goes to the biggest fire,0,0,0,10,100,15,20,↖ North/West,0,6,0
100,100,0.8,20,Goes to the biggest fire,0,0,0,10,100,15,20,↖ North/West,0,6,1
100,100,0.8,20,Goes to the biggest fire,0,0,0,10,100,20,20,↗ North/East,0,1,0
100,100,0.8,20,Goes to the biggest fire,0,0,0,10,100,20,20,↗ North/East,0,1,1
100,100,0.8,20,Goes to the biggest fire,0,0,0,10,100,20,20,↗ North/East,0,2,0
100,100,0.8,20,Goes to the biggest fire,0,0,0,10,100,20,20,↗ North/East,0,2,1
100,100,0.8,20,Goes to the biggest fire,0,0,0,10,100,20,20,↗ North/East,0,6,0
100,100,0.8,20,Goes to the biggest fire,0,0,0,10,100,20,20,↗ North/East,0,6,1
100,100,0.8,20,Goes to the biggest fire,0,0,0,10,100,20,20,↘ South/East,0,1,0
100,100,0.8,20,Goes to the biggest fire,0,0,0,10,100,20,20,↘ South/East,0,1,1
100,100,0.8,20,Goes to the biggest fire,0,0,0,10,100,20,20,↘ South/East,0,2,0
100,100,0.8,20,Goes to the biggest fire,0,0,0,10,100,20,20,↘ South/East,0,2,1
100,100,0.8,20,Goes to the biggest fire,0,0,0,10,100,20,20,↘ South/East,0,6,0
100,100,0.8,20,Goes to the biggest fire,0,0,0,10,100,20,20,↘ South/East,0,6,1
100,100,0.8,20,Goes to the biggest fire,0,0,0,10,100,20,20,↙ South/West,0,1,0
100,100,0.8,20,Goes to the biggest fire,0,0,0,10,100,20,20,↙ South/West,0,1,1
100,100,0.8,20,Goes to the biggest fire,0,0,0,10,100,20,20,↙ South/West,0,2,0
100,100,0.8,20,Goes to the biggest fire,0,0,0,10,100,20,20,↙ South/West,0,2,1
100,100,0.8,20,Goes to the biggest fire,0,0,0,10,100,20,20,↙ South/West,0,6,0
100,100,0.8,20,Goes to the biggest fire,0,0,0,10,100,20,20,↙ South/West,0,6,1
100,100,0.8,20,Goes to the biggest fire,0,0,0,10,100,20,20,↖ North/West,0,1,0
100,100,0.8,20,Goes to the biggest fire,0,0,0,10,100,20,20,↖ North/West,0,1,1
100,100,0.8,20,Goes to the biggest fire,0,0,0,10,100,20,20,↖ North/West,0,2,0
100,100,0.8,20,Goes to the biggest fire,0,0,0,10,100,20,20,↖ North/West,0,2,1
100,100,0.8,20,Goes to the biggest fire,0,0,0,10,100,20,20,↖ North/West,0,6,0
100,100,0.8,20,Goes to the biggest fire,0,0,0,10,100,20,20,↖ North/West,0,6,1
100,100,0.8,20,Goes to the biggest fire,0,0,0,10,100,25,20,↗ North/East,0,1,0
100,100,0.8,20,Goes to the biggest fire,0,0,0,10,100,25,20,↗ North/East,0,1,1
100,100,0.8,20,Goes to the biggest fire,0,0,0,10,100,25,20,↗ North/East,0,2,0
100,100,0.8,20,Goes to the biggest fire,0,0,0,10,100,25,20,↗ North/East,0,2,1
100,100,0.8,20,Goes to the biggest fire,0,0,0,10,100,25,20,↗ North/East,0,6,0
100,100,0.8,20,Goes to the biggest fire,0,0,0,10,100,25,20,↗ North/East,0,6,1
100,100,0.8,20,Goes to the biggest fire,0,0,0,10,100,25,20,↘ South/East,0,1,0
100,100,0.8,20,Goes to the biggest fire,0,0,0,10,100,25,20,↘ South/East,0,1,1
100,100,0.8,20,Goes to the biggest fire,0,0,0,10,100,25,20,↘ South/East,0,2,0
100,100,0.8,20,Goes to the biggest fire,0,0,0,10,100,25,20,↘ South/East,0,2,1
100,100,0.8,20,Goes to the biggest fire,0,0,0,10,100,25,20,↘ South/East,0,6,0
100,100,0.8,20,Goes to the biggest fire,0,0,0,10,100,25,20,↘ South/East,0,6,1
100,100,0.8,20,Goes to the biggest fire,0,0,0,10,100,25,20,↙ South/West,0,1,0
100,100,0.8,20,Goes to the biggest fire,0,0,0,10,100,25,20,↙ South/West,0,1,1
100,100,0.8,20,Goes to the biggest fire,0,0,0,10,100,25,20,↙ South/West,0,2,0
100,100,0.8,20,Goes to the biggest fire,0,0,0,10,100,25,20,↙ South/West,0,2,1
100,100,0.8,20,Goes to the biggest fire,0,0,0,10,100,25,20,↙ South/West,0,6,0
100,100,0.8,20,Goes to the biggest fire,0,0,0,10,100,25,20,↙ South/West,0,6,1
100,100,0.8,20,Goes to the biggest fire,0,0,0,10,100,25,20,↖ North/West,0,1,0
100,100,0.8,20,Goes to the biggest fire,0,0,0,10,100,25,20,↖ North/West,0,1,1
100,100,0.8,20,Goes to the biggest fire,0,0,0,10,100,25,20,↖ North/West,0,2,0
100,100,0.8,20,Goes to the biggest fire,0,0,0,10,100,25,20,↖ North/West,0,2,1
100,100,0.8,20,Goes to the biggest fire,0,0,0,10,100,25,20,↖ North/West,0,6,0
100,100,0.8,20,Goes to the biggest fire,0,0,0,10,100,25,20,↖ North/West,0,6,1
100,100,0.8,20,Goes to the biggest fire,0,0,0,10,100,30,20,↗ North/East,0,1,0
100,100,0.8,20,Goes to the biggest fire,0,0,0,10,100,30,20,↗ North/East,0,1,1
100,100,0.8,20,Goes to the biggest fire,0,0,0,10,100,30,20,↗ North/East,0,2,0
100,100,0.8,20,Goes to the biggest fire,0,0,0,10,100,30,20,↗ North/East,0,2,1
100,100,0.8,20,Goes to the biggest fire,0,0,0,10,100,30,20,↗ North/East,0,6,0
100,100,0.8,20,Goes to the biggest fire,0,0,0,10,100,30,20,↗ North/East,0,6,1
100,100,0.8,20,Goes to the biggest fire,0,0,0,10,100,30,20,↘ South/East,0,1,0
100,100,0.8,20,Goes to the biggest fire,0,0,0,10,100,30,20,↘ South/East,0,1,1
100,100,0.8,20,Goes to the biggest fire,0,0,0,10,100,30,20,↘ South/East,0,2,0
100,100,0.8,20,Goes to the biggest fire,0,0,0,10,100,30,20,↘ South/East,0,2,1
100,100,0.8,20,Goes to the biggest fire,0,0,0,10,100,30,20,↘ South/East,0,6,0
100,100,0.8,20,Goes to the biggest fire,0,0,0,10,100,30,20,↘ South/East,0,6,1
100,100,0.8,20,Goes to the biggest fire,0,0,0,10,100,30,20,↙ South/West,0,1,0
100,100,0.8,20,Goes to the biggest fire,0,0,0,10,100,30,20,↙ South/West,0,1,1
100,100,0.8,20,Goes to the biggest fire,0,0,0,10,100,30,20,↙ South/West,0,2,0
100,100,0.8,20,Goes to the biggest fire,0,0,0,10,100,30,20,↙ South/West,0,2,1
100,100,0.8,20,Goes to the biggest fire,0,0,0,10,100,30,20,↙ South/West,0,6,0
100,100,0.8,20,Goes to the biggest fire,0,0,0,10,100,30,20,↙ South/West,0,6,1
100,100,0.8,20,Goes to the biggest fire,0,0,0,10,100,30,20,↖ North/West,0,1,0
100,100,0.8,20,Goes to the biggest fire,0,0,0,10,100,30,20,↖ North/West,0,1,1
100,100,0.8,20,Goes to the biggest fire,0,0,0,10,100,30,20,↖ North/West,0,2,0
100,100,0.8,20,Goes to the biggest fire,0,0,0,10,100,30,20,↖ North/West,0,2,1
100,100,0.8,20,Goes to the biggest fire,0,0,0,10,100,30,20,↖ North/West,0,6,0
100,100,0.8,20,Goes to the biggest fire,0,0,0,10,100,30,20,↖ North/West,0,6,1
100,100,0.8,20,Goes to the biggest fire,0,0,0,30,100,15,20,↗ North/East,0,1,0
100,100,0.8,20,Goes to the biggest fire,0,0,0,30,100,15,20,↗ North/East,0,1,1
100,100,0.8,20,Goes to the biggest fire,0,0,0,30,100,15,20,↗ North/East,0,2,0
100,100,0.8,20,Goes to the biggest fire,0,0,0,30,100,15,20,↗ North/East,0,2,1
100,100,0.8,20,Goes to the biggest fire,0,0,0,30,100,15,20,↗ North/East,0,6,0
100,100,0.8,20,Goes to the biggest fire,0,0,0,30,100,15,20,↗ North/East,0,6,1
100,100,0.8,20,Goes to the biggest fire,0,0,0,30,100,15,20,↘ South/East,0,1,0
100,100,0.8,20,Goes to the biggest fire,0,0,0,30,100,15,20,↘ South/East,0,1,1
100,100,0.8,20,Goes to the biggest fire,0,0,0,30,100,15,20,↘ South/East,0,2,0
100,100,0.8,20,Goes to the biggest fire,0,0,0,30,100,15,20,↘ South/East,0,2,1
100,100,0.8,20,Goes to the biggest fire,0,0,0,30,100,15,20,↘ South/East,0,6,0
100,100,0.8,20,Goes to the biggest fire,0,0,0,30,100,15,20,↘ South/East,0,6,1
100,100,0.8,20,Goes to the biggest fire,0,0,0,30,100,15,20,↙ South/West,0,1,0
100,100,0.8,20,Goes to the biggest fire,0,0,0,30,100,15,20,↙ South/West,0,1,1
100,100,0.8,20,Goes to the biggest fire,0,0,0,30,100,15,20,↙ South/West,0,2,0
100,100,0.8,20,Goes to the biggest fire,0,0,0,30,100,15,20,↙ South/West,0,2,1
100,100,0.8,20,Goes to the biggest fire,0,0,0,30,100,15,20,↙ South/West,0,6,0
100,100,0.8,20,Goes to the biggest fire,0,0,0,30,100,15,20,↙ South/West,0,6,1
100,100,0.8,20,Goes to the biggest fire,0,0,0,30,100,15,20,↖ North/West,0,1,0
100,100,0.8,20,Goes to the biggest fire,0,0,0,30,100,15,20,↖ North/West,0,1,1
100,100,0.8,20,Goes to the biggest fire,0,0,0,30,100,15,20,↖ North/West,0,2,0
100,100,0.8,20,Goes to the biggest fire,0,0,0,30,100,15,20,↖ North/West,0,2,1
100,100,0.8,20,Goes to the biggest fire,0,0,0,30,100,15,20,↖ North/West,0,6,0
100,100,0.8,20,Goes to the biggest fire,0,0,0,30,100,15,20,↖ North/West,0,6,1
100,100,0.8,20,Goes to the biggest fire,0,0,0,30,100,20,20,↗ North/East,0,1,0
100,100,0.8,20,Goes to the biggest fire,0,0,0,30,100,20,20,↗ North/East,0,1,1
100,100,0.8,20,Goes to the biggest fire,0,0,0,30,100,20,20,↗ North/East,0,2,0
100,100,0.8,20,Goes to the biggest fire,0,0,0,30,100,20,20,↗ North/East,0,2,1
100,100,0.8,20,Goes to the biggest fire,0,0,0,30,100,20,20,↗ North/East,0,6,0
100,100,0.8,20,Goes to the biggest fire,0,0,0,30,100,20,20,↗ North/East,0,6,1
100,100,0.8,20,Goes to the biggest fire,0,0,0,30,100,20,20,↘ South/East,0,1,0
100,100,0.8,20,Goes to the biggest fire,0,0,0,30,100,20,20,↘ South/East,0,1,1
100,100,0.8,20,Goes to the biggest fire,0,0,0,30,100,20,20,↘ South/East,0,2,0
100,100,0.8,20,Goes to the biggest fire,0,0,0,30,100,20,20,↘ South/East,0,2,1
100,100,0.8,20,Goes to the biggest fire,0,0,0,30,100,20,20,↘ South/East,0,6,0
100,100,0.8,20,Goes to the biggest fire,0,0,0,30,100,20,20,↘ South/East,0,6,1
100,100,0.8,20,Goes to the biggest fire,0,0,0,30,100,20,20,↙ South/West,0,1,0
100,100,0.8,20,Goes to the biggest fire,0,0,0,30,100,20,20,↙ South/West,0,1,1
100,100,0.8,20,Goes to the biggest fire,0,0,0,30,100,20,20,↙ South/West,0,2,0
100,100,0.8,20,Goes to the biggest fire,0,0,0,30,100,20,20,↙ South/West,0,2,1
100,100,0.8,20,Goes to the biggest fire,0,0,0,30,100,20,20,↙ South/West,0,6,0
100,100,0.8,20,Goes to the biggest fire,0,0,0,30,100,20,20,↙ South/West,0,6,1
100,100,0.8,20,Goes to the biggest fire,0,0,0,30,100,20,20,↖ North/West,0,1,0
100,100,0.8,20,Goes to the biggest fire,0,0,0,30,100,20,20,↖ North/West,0,1,1
100,100,0.8,20,Goes to the biggest fire,0,0,0,30,100,20,20,↖ North/West,0,2,0
100,100,0.8,20,Goes to the biggest fire,0,0,0,30,100,20,20,↖ North/West,0,2,1
100,100,0.8,20,Goes to the biggest fire,0,0,0,30,100,20,20,↖ North/West,0,6,0
100,100,0.8,20,Goes to the biggest fire,0,0,0,30,100,20,20,↖ North/West,0,6,1
100,100,0.8,20,Goes to the biggest fire,0,0,0,30,100,25,20,↗ North/East,0,1,0
100,100,0.8,20,Goes to the biggest fire,0,0,0,30,100,25,20,↗ North/East,0,1,1
100,100,0.8,20,Goes to the biggest fire,0,0,0,30,100,25,20,↗ North/East,0,2,0
100,100,0.8,20,Goes to the biggest fire,0,0,0,30,100,25,20,↗ North/East,0,2,1
100,100,0.8,20,Goes to the biggest fire,0,0,0,30,100,25,20,↗ North/East,0,6,0
100,100,0.8,20,Goes to the biggest fire,0,0,0,30,100,25,20,↗ North/East,0,6,1
100,100,0.8,20,Goes to the biggest fire,0,0,0,30,100,25,20,↘ South/East,0,1,0
100,100,0.8,20,Goes to the biggest fire,0,0,0,30,100,25,20,↘ South/East,0,1,1
100,100,0.8,20,Goes to the biggest fire,0,0,0,30,100,25,20,↘ South/East,0,2,0
100,100,0.8,20,Goes to the biggest fire,0,0,0,30,100,25,20,↘ South/East,0,2,1
100,100,0.8,20,Goes to the biggest fire,0,0,0,30,100,25,20,↘ South/East,0,6,0
100,100,0.8,20,Goes to the biggest fire,0,0,0,30,100,25,20,↘ South/East,0,6,1
100,100,0.8,20,Goes to the biggest fire,0,0,0,30,100,25,20,↙ South/West,0,1,0
100,100,0.8,20,Goes to the biggest fire,0,0,0,30,100,25,20,↙ South/West,0,1,1
100,100,0.8,20,Goes to the biggest fire,0,0,0,30,100,25,20,↙ South/West,0,2,0
100,100,0.8,20,Goes to the biggest fire,0,0,0,30,100,25,20,↙ South/West,0,2,1
100,100,0.8,20,Goes to the biggest fire,0,0,0,30,100,25,20,↙ South/West,0,6,0
100,100,0.8,20,Goes to the biggest fire,0,0,0,30,100,25,20,↙ South/West,0,6,1
100,100,0.8,20,Goes to the biggest fire,0,0,0,30,100,25,20,↖ North/West,0,1,0
100,100,0.8,20,Goes to the biggest fire,0,0,0,30,100,25,20,↖ North/West,0,1,1
100,100,0.8,20,Goes to the biggest fire,0,0,0,30,100,25,20,↖ North/West,0,2,0
100,100,0.8,20,Goes to the biggest fire,0,0,0,30,100,25,20,↖ North/West,0,2,1
100,100,0.8,20,Goes to the biggest fire,0,0,0,30,100,25,20,↖ North/West,0,6,0
100,100,0.8,20,Goes to the biggest fire,0,0,0,30,100,25,20,↖ North/West,0,6,1
100,100,0.8,20,Goes to the biggest fire,0,0,0,30,100,30,20,↗ North/East,0,1,0
100,100,0.8,20,Goes to the biggest fire,0,0,0,30,100,30,20,↗ North/East,0,1,1
100,100,0.8,20,Goes to the biggest fire,0,0,0,30,100,30,20,↗ North/East,0,2,0
100,100,0.8,20,Goes to the biggest fire,0,0,0,30,100,30,20,↗ North/East,0,2,1
100,100,0.8,20,Goes to the biggest fire,0,0,0,30,100,30,20,↗ North/East,0,6,0
100,100,0.8,20,Goes to the biggest fire,0,0,0,30,100,30,20,↗ North/East,0,6,1
100,100,0.8,20,Goes to the biggest fire,0,0,0,30,100,30,20,↘ South/East,0,1,0
100,100,0.8,20,Goes to the biggest fire,0,0,0,30,100,30,20,↘ South/East,0,1,1
100,100,0.8,20,Goes to the biggest fire,0,0,0,30,100,30,20,↘ South/East,0,2,0
100,100,0.8,20,Goes to the biggest fire,0,0,0,30,100,30,20,↘ South/East,0,2,1
100,100,0.8,20,Goes to the biggest fire,0,0,0,30,100,30,20,↘ South/East,0,6,0
100,100,0.8,20,Goes to the biggest fire,0,0,0,30,100,30,20,↘ South/East,0,6,1
100,100,0.8,20,Goes to the biggest fire,0,0,0,30,100,30,20,↙ South/West,0,1,0
100,100,0.8,20,Goes to the biggest fire,0,0,0,30,100,30,20,↙ South/West,0,1,1
100,100,0.8,20,Goes to the biggest fire,0,0,0,30,100,30,20,↙ South/West,0,2,0
100,100,0.8,20,Goes to the biggest fire,0,0,0,30,100,30,20,↙ South/West,0,2,1
100,100,0.8,20,Goes to the biggest fire,0,0,0,30,100,30,20,↙ South/West,0,6,0
100,100,0.8,20,Goes to the biggest fire,0,0,0,30,100,30,20,↙ South/West,0,6,1
100,100,0.8,20,Goes to the biggest fire,0,0,0,30,100,30,20,↖ North/West,0,1,0
100,100,0.8,20,Goes to the biggest fire,0,0,0,30,100,30,20,↖ North/West,0,1,1
100,100,0.8,20,Goes to the biggest fire,0,0,0,30,100,30,20,↖ North/West,0,2,0
100,100,0.8,20,Goes to the biggest fire,0,0,0,30,100,30,20,↖ North/West,0,2,1
100,100,0.8,20,Goes to the biggest fire,0,0,0,30,100,30,20,↖ North/West,0,6,0
100,100,0.8,20,Goes to the biggest fire,0,0,0,30,100,30,20,↖ North/West,0,6,1
100,100,0.8,20,Goes to the biggest fire,0,0,0,50,100,15,20,↗ North/East,0,1,0
100,100,0.8,20,Goes to the biggest fire,0,0,0,50,100,15,20,↗ North/East,0,1,1
100,100,0.8,20,Goes to the biggest fire,0,0,0,50,100,15,20,↗ North/East,0,2,0
100,100,0.8,20,Goes to the biggest fire,0,0,0,50,100,15,20,↗ North/East,0,2,1
100,100,0.8,20,Goes to the biggest fire,0,0,0,50,100,15,20,↗ North/East,0,6,0
100,100,0.8,20,Goes to the biggest fire,0,0,0,50,100,15,20,↗ North/East,0,6,1
100,100,0.8,20,Goes to the biggest fire,0,0,0,50,100,15,20,↘ South/East,0,1,0
100,100,0.8,20,Goes to the biggest fire,0,0,0,50,100,15,20,↘ South/East,0,1,1
100,100,0.8,20,Goes to the biggest fire,0,0,0,50,100,15,20,↘ South/East,0,2,0
100,100,0.8,20,Goes to the biggest fire,0,0,0,50,100,15,20,↘ South/East,0,2,1
100,100,0.8,20,Goes to the biggest fire,0,0,0,50,100,15,20,↘ South/East,0,6,0
100,100,0.8,20,Goes to the biggest fire,0,0,0,50,100,15,20,↘ South/East,0,6,1
100,100,0.8,20,Goes to the biggest fire,0,0,0,50,100,15,20,↙ South/West,0,1,0
100,100,0.8,20,Goes to the biggest fire,0,0,0,50,100,15,20,↙ South/West,0,1,1
100,100,0.8,20,Goes to the biggest fire,0,0,0,50,100,15,20,↙ South/West,0,2,0
100,100,0.8,20,Goes to the biggest fire,0,0,0,50,100,15,20,↙ South/West,0,2,1
100,100,0.8,20,Goes to the biggest fire,0,0,0,50,100,15,20,↙ South/West,0,6,0
100,100,0.8,20,Goes to the biggest fire,0,0,0,50,100,15,20,↙ South/West,0,6,1
100,100,0.8,20,Goes to the biggest fire,0,0,0,50,100,15,20,↖ North/West,0,1,0
100,100,0.8,20,Goes to the biggest fire,0,0,0,50,100,15,20,↖ North/West,0,1,1
100,100,0.8,20,Goes to the biggest fire,0,0,0,50,100,15,20,↖ North/West,0,2,0
100,100,0.8,20,Goes to the biggest fire,0,0,0,50,100,15,20,↖ North/West,0,2,1
100,100,0.8,20,Goes to the biggest fire,0,0,0,50,100,15,20,↖ North/West,0,6,0
100,100,0.8,20,Goes to the biggest fire,0,0,0,50,100,15,20,↖ North/West,0,6,1
100,100,0.8,20,Goes to the biggest fire,0,0,0,50,100,20,20,↗ North/East,0,1,0
100,100,0.8,20,Goes to the biggest fire,0,0,0,50,100,20,20,↗ North/East,0,1,1
100,100,0.8,20,Goes to the biggest fire,0,0,0,50,100,20,20,↗ North/East,0,2,0
100,100,0.8,20,Goes to the biggest fire,0,0,0,50,100,20,20,↗ North/East,0,2,1
100,100,0.8,20,Goes to the biggest fire,0,0,0,50,100,20,20,↗ North/East,0,6,0
100,100,0.8,20,Goes to the biggest fire,0,0,0,50,100,20,20,↗ North/East,0,6,1
100,100,0.8,20,Goes to the biggest fire,0,0,0,50,100,20,20,↘ South/East,0,1,0
100,100,0.8,20,Goes to the biggest fire,0,0,0,50,100,20,20,↘ South/East,0,1,1
100,100,0.8,20,Goes to the biggest fire,0,0,0,50,100,20,20,↘ South/East,0,2,0
100,100,0.8,20,Goes to the biggest fire,0,0,0,50,100,20,20,↘ South/East,0,2,1
100,100,0.8,20,Goes to the biggest fire,0,0,0,50,100,20,20,↘ South/East,0,6,0
100,100,0.8,20,Goes to the biggest fire,0,0,0,50,100,20,20,↘ South/East,0,6,1
100,100,0.8,20,Goes to the biggest fire,0,0,0,50,100,20,20,↙ South/West,0,1,0
100,100,0.8,20,Goes to the biggest fire,0,0,0,50,100,20,20,↙ South/West,0,1,1
100,100,0.8,20,Goes to the biggest fire,0,0,0,50,100,20,20,↙ South/West,0,2,0
100,100,0.8,20,Goes to the biggest fire,0,0,0,50,100,20,20,↙ South/West,0,2,1
100,100,0.8,20,Goes to the biggest fire,0,0,0,50,100,20,20,↙ South/West,0,6,0
100,100,0.8,20,Goes to the biggest fire,0,0,0,50,100,20,20,↙ South/West,0,6,1
100,100,0.8,20,Goes to the biggest fire,0,0,0,50,100,20,20,↖ North/West,0,1,0
100,100,0.8,20,Goes to the biggest fire,0,0,0,50,100,20,20,↖ North/West,0,1,1
100,100,0.8,20,Goes to the biggest fire,0,0,0,50,100,20,20,↖ North/West,0,2,0
100,100,0.8,20,Goes to the biggest fire,0,0,0,50,100,20,20,↖ North/West,0,2,1
100,100,0.8,20,Goes to the biggest fire,0,0,0,50,100,20,20,↖ North/West,0,6,0
100,100,0.8,20,Goes to the biggest fire,0,0,0,50,100,20,20,↖ North/West,0,6,1
100,100,0.8,20,Goes to the biggest fire,0,0,0,50,100,25,20,↗ North/East,0,1,0
100,100,0.8,20,Goes to the biggest fire,0,0,0,50,100,25,20,↗ North/East,0,1,1
100,100,0.8,20,Goes to the biggest fire,0,0,0,50,100,25,20,↗ North/East,0,2,0
100,100,0.8,20,Goes to the biggest fire,0,0,0,50,100,25,20,↗ North/East,0,2,1
100,100,0.8,20,Goes to the biggest fire,0,0,0,50,100,25,20,↗ North/East,0,6,0
100,100,0.8,20,Goes to the biggest fire,0,0,0,50,100,25,20,↗ North/East,0,6,1
100,100,0.8,20,Goes to the biggest fire,0,0,0,50,100,25,20,↘ South/East,0,1,0
100,100,0.8,20,Goes to the biggest fire,0,0,0,50,100,25,20,↘ South/East,0,1,1
100,100,0.8,20,Goes to the biggest fire,0,0,0,50,100,25,20,↘ South/East,0,2,0
100,100,0.8,20,Goes to the biggest fire,0,0,0,50,100,25,20,↘ South/East,0,2,1
100,100,0.8,20,Goes to the biggest fire,0,0,0,50,100,25,20,↘ South/East,0,6,0
100,100,0.8,20,Goes to the biggest fire,0,0,0,50,100,25,20,↘ South/East,0,6,1
100,100,0.8,20,Goes to the biggest fire,0,0,0,50,100,25,20,↙ South/West,0,1,0
100,100,0.8,20,Goes to the biggest fire,0,0,0,50,100,25,20,↙ South/West,0,1,1
100,100,0.8,20,Goes to the biggest fire,0,0,0,50,100,25,20,↙ South/West,0,2,0
100,100,0.8,20,Goes to the biggest fire,0,0,0,50,100,25,20,↙ South/West,0,2,1
100,100,0.8,20,Goes to the biggest fire,0,0,0,50,100,25,20,↙ South/West,0,6,0
100,100,0.8,20,Goes to the biggest fire,0,0,0,50,100,25,20,↙ South/West,0,6,1
100,100,0.8,20,Goes to the biggest fire,0,0,0,50,100,25,20,↖ North/West,0,1,0
100,100,0.8,20,Goes to the biggest fire,0,0,0,50,100,25,20,↖ North/West,0,1,1
100,100,0.8,20,Goes to the biggest fire,0,0,0,50,100,25,20,↖ North/West,0,2,0
100,100,0.8,20,Goes to the biggest fire,0,0,0,50,100,25,20,↖ North/West,0,2,1
100,100,0.8,20,Goes to the biggest fire,0,0,0,50,100,25,20,↖ North/West,0,6,0
100,100,0.8,20,Goes to the biggest fire,0,0,0,50,100,25,20,↖ North/West,0,6,1
100,100,0.8,20,Goes to the biggest fire,0,0,0,50,100,30,20,↗ North/East,0,1,0
100,100,0.8,20,Goes to the biggest fire,0,0,0,50,100,30,20,↗ North/East,0,1,1
100,100,0.8,20,Goes to the biggest fire,0,0,0,50,100,30,20,↗ North/East,0,2,0
100,100,0.8,20,Goes to the biggest fire,0,0,0,50,100,30,20,↗ North/East,0,2,1
100,100,0.8,20,Goes to the biggest fire,0,0,0,50,100,30,20,↗ North/East,0,6,0
100,100,0.8,20,Goes to the biggest fire,0,0,0,50,100,30,20,↗ North/East,0,6,1
100,100,0.8,20,Goes to the biggest fire,0,0,0,50,100,30,20,↘ South/East,0,1,0
100,100,0.8,20,Goes to the biggest fire,0,0,0,50,100,30,20,↘ South/East,0,1,1
100,100,0.8,20,Goes to the biggest fire,0,0,0,50,100,30,20,↘ South/East,0,2,0
100,100,0.8,20,Goes to the biggest fire,0,0,0,50,100,30,20,↘ South/East,0,2,1
100,100,0.8,20,Goes to the biggest fire,0,0,0,50,100,30,20,↘ South/East,0,6,0
100,100,0.8,20,Goes to the biggest fire,0,0,0,50,100,30,20,↘ South/East,0,6,1
100,100,0.8,20,Goes to the biggest fire,0,0,0,50,100,30,20,↙ South/West,0,1,0
100,100,0.8,20,Goes to the biggest fire,0,0,0,50,100,30,20,↙ South/West,0,1,1
100,100,0.8,20,Goes to the biggest fire,0,0,0,50,100,30,20,↙ South/West,0,2,0
100,100,0.8,20,Goes to the biggest fire,0,0,0,50,100,30,20,↙ South/West,0,2,1
100,100,0.8,20,Goes to the biggest fire,0,0,0,50,100,30,20,↙ South/West,0,6,0
100,100,0.8,20,Goes to the biggest fire,0,0,0,50,100,30,20,↙ South/West,0,6,1
100,100,0.8,20,Goes to the biggest fire,0,0,0,50,100,30,20,↖ North/West,0,1,0
100,100,0.8,20,Goes to the biggest fire,0,0,0,50,100,30,20,↖ North/West,0,1,1
100,100,0.8,20,Goes to the biggest fire,0,0,0,50,100,30,20,↖ North/West,0,2,0
100,100,0.8,20,Goes to the biggest fire,0,0,0,50,100,30,20,↖ North/West,0,2,1
100,100,0.8,20,Goes to the biggest fire,0,0,0,50,100,30,20,↖ North/West,0,6,0
100,100,0.8,20,Goes to the biggest fire,0,0,0,50,100,30,20,↖ North/West,0,6,1
100,100,0.8,20,Goes to the biggest fire,0,1,0,10,100,15,20,↗ North/East,0,1,0
100,100,0.8,20,Goes to the biggest fire,0,1,0,10,100,15,20,↗ North/East,0,1,1
100,100,0.8,20,Goes to the biggest fire,0,1,0,10,100,15,20,↗ North/East,0,2,0
100,100,0.8,20,Goes to the biggest fire,0,1,0,10,100,15,20,↗ North/East,0,2,1
100,100,0.8,20,Goes to the biggest fire,0,1,0,10,100,15,20,↗ North/East,0,6,0
100,100,0.8,20,Goes to the biggest fire,0,1,0,10,100,15,20,↗ North/East,0,6,1
100,100,0.8,20,Goes to the biggest fire,0,1,0,10,100,15,20,↘ South/East,0,1,0
100,100,0.8,20,Goes to the biggest fire,0,1,0,10,100,15,20,↘ South/East,0,1,1
100,100,0.8,20,Goes to the biggest fire,0,1,0,10,100,15,20,↘ South/East,0,2,0
100,100,0.8,20,Goes to the biggest fire,0,1,0,10,100,15,20,↘ South/East,0,2,1
100,100,0.8,20,Goes to the biggest fire,0,1,0,10,100,15,20,↘ South/East,0,6,0
100,100,0.8,20,Goes to the biggest fire,0,1,0,10,100,15,20,↘ South/East,0,6,1
100,100,0.8,20,Goes to the biggest fire,0,1,0,10,100,15,20,↙ South/West,0,1,0
100,100,0.8,20,Goes to the biggest fire,0,1,0,10,100,15,20,↙ South/West,0,1,1
100,100,0.8,20,Goes to the biggest fire,0,1,0,10,100,15,20,↙ South/West,0,2,0
100,100,0.8,20,Goes to the biggest fire,0,1,0,10,100,15,20,↙ South/West,0,2,1
100,100,0.8,20,Goes to the biggest fire,0,1,0,10,100,15,20,↙ South/West,0,6,0
100,100,0.8,20,Goes to the biggest fire,0,1,0,10,100,15,20,↙ South/West,0,6,1
100,100,0.8,20,Goes to the biggest fire,0,1,0,10,100,15,20,↖ North/West,0,1,0
100,100,0.8,20,Goes to the biggest fire,0,1,0,10,100,15,20,↖ North/West,0,1,1
100,100,0.8,20,Goes to the biggest fire,0,1,0,10,100,15,20,↖ North/West,0,2,0
100,100,0.8,20,Goes to the biggest fire,0,1,0,10,100,15,20,↖ North/West,0,2,1
100,100,0.8,20,Goes to the biggest fire,0,1,0,10,100,15,20,↖ North/West,0,6,0
100,100,0.8,20,Goes to the biggest fire,0,1,0,10,100,15,20,↖ North/West,0,6,1
100,100,0.8,20,Goes to the biggest fire,0,1,0,10,100,20,20,↗ North/East,0,1,0
100,100,0.8,20,Goes to the biggest fire,0,1,0,10,100,20,20,↗ North/East,0,1,1
100,100,0.8,20,Goes to the biggest fire,0,1,0,10,100,20,20,↗ North/East,0,2,0
100,100,0.8,20,Goes to the biggest fire,0,1,0,10,100,20,20,↗ North/East,0,2,1
100,100,0.8,20,Goes to the biggest fire,0,1,0,10,100,20,20,↗ North/East,0,6,0
100,100,0.8,20,Goes to the biggest fire,0,1,0,10,100,20,20,↗ North/East,0,6,1
100,100,0.8,20,Goes to the biggest fire,0,1,0,10,100,20,20,↘ South/East,0,1,0
100,100,0.8,20,Goes to the biggest fire,0,1,0,10,100,20,20,↘ South/East,0,1,1
100,100,0.8,20,Goes to the biggest fire,0,1,0,10,100,20,20,↘ South/East,0,2,0
100,100,0.8,20,Goes to the biggest fire,0,1,0,10,100,20,20,↘ South/East,0,2,1
100,100,0.8,20,Goes to the biggest fire,0,1,0,10,100,20,20,↘ South/East,0,6,0
100,100,0.8,20,Goes to the biggest fire,0,1,0,10,100,20,20,↘ South/East,0,6,1
100,100,0.8,20,Goes to the biggest fire,0,1,0,10,100,20,20,↙ South/West,0,1,0
100,100,0.8,20,Goes to the biggest fire,0,1,0,10,100,20,20,↙ South/West,0,1,1
100,100,0.8,20,Goes to the biggest fire,0,1,0,10,100,20,20,↙ South/West,0,2,0
100,100,0.8,20,Goes to the biggest fire,0,1,0,10,100,20,20,↙ South/West,0,2,1
100,100,0.8,20,Goes to the biggest fire,0,1,0,10,100,20,20,↙ South/West,0,6,0
100,100,0.8,20,Goes to the biggest fire,0,1,0,10,100,20,20,↙ South/West,0,6,1
100,100,0.8,20,Goes to the biggest fire,0,1,0,10,100,20,20,↖ North/West,0,1,0
100,100,0.8,20,Goes to the biggest fire,0,1,0,10,100,20,20,↖ North/West,0,1,1
100,100,0.8,20,Goes to the biggest fire,0,1,0,10,100,20,20,↖ North/West,0,2,0
100,100,0.8,20,Goes to the biggest fire,0,1,0,10,100,20,20,↖ North/West,0,2,1
100,100,0.8,20,Goes to the biggest fire,0,1,0,10,100,20,20,↖ North/West,0,6,0
100,100,0.8,20,Goes to the biggest fire,0,1,0,10,100,20,20,↖ North/West,0,6,1
100,100,0.8,20,Goes to the biggest fire,0,1,0,10,100,25,20,↗ North/East,0,1,0
100,100,0.8,20,Goes to the biggest fire,0,1,0,10,100,25,20,↗ North/East,0,1,1
100,100,0.8,20,Goes to the biggest fire,0,1,0,10,100,25,20,↗ North/East,0,2,0
100,100,0.8,20,Goes to the biggest fire,0,1,0,10,100,25,20,↗ North/East,0,2,1
100,100,0.8,20,Goes to the biggest fire,0,1,0,10,100,25,20,↗ North/East,0,6,0
100,100,0.8,20,Goes to the biggest fire,0,1,0,10,100,25,20,↗ North/East,0,6,1
100,100,0.8,20,Goes to the biggest fire,0,1,0,10,100,25,20,↘ South/East,0,1,0
100,100,0.8,20,Goes to the biggest fire,0,1,0,10,100,25,20,↘ South/East,0,1,1
100,100,0.8,20,Goes to the biggest fire,0,1,0,10,100,25,20,↘ South/East,0,2,0
100,100,0.8,20,Goes to the biggest fire,0,1,0,10,100,25,20,↘ South/East,0,2,1
100,100,0.8,20,Goes to the biggest fire,0,1,0,10,100,25,20,↘ South/East,0,6,0
100,100,0.8,20,Goes to the biggest fire,0,1,0,10,100,25,20,↘ South/East,0,6,1
100,100,0.8,20,Goes to the biggest fire,0,1,0,10,100,25,20,↙ South/West,0,1,0
100,100,0.8,20,Goes to the biggest fire,0,1,0,10,100,25,20,↙ South/West,0,1,1
100,100,0.8,20,Goes to the biggest fire,0,1,0,10,100,25,20,↙ South/West,0,2,0
100,100,0.8,20,Goes to the biggest fire,0,1,0,10,100,25,20,↙ South/West,0,2,1
100,100,0.8,20,Goes to the biggest fire,0,1,0,10,100,25,20,↙ South/West,0,6,0
100,100,0.8,20,Goes to the biggest fire,0,1,0,10,100,25,20,↙ South/West,0,6,1
100,100,0.8,20,Goes to the biggest fire,0,1,0,10,100,25,20,↖ North/West,0,1,0
100,100,0.8,20,Goes to the biggest fire,0,1,0,10,100,25,20,↖ North/West,0,1,1
100,100,0.8,20,Goes to the biggest fire,0,1,0,10,100,25,20,↖ North/West,0,2,0
100,100,0.8,20,Goes to the biggest fire,0,1,0,10,100,25,20,↖ North/West,0,2,1
100,100,0.8,20,Goes to the biggest fire,0,1,0,10,100,25,20,↖ North/West,0,6,0
100,100,0.8,20,Goes to the biggest fire,0,1,0,10,100,25,20,↖ North/West,0,6,1
100,100,0.8,20,Goes to the biggest fire,0,1,0,10,100,30,20,↗ North/East,0,1,0
100,100,0.8,20,Goes to the biggest fire,0,1,0,10,100,30,20,↗ North/East,0,1,1
100,100,0.8,20,Goes to the biggest fire,0,1,0,10,100,30,20,↗ North/East,0,2,0
100,100,0.8,20,Goes to the biggest fire,0,1,0,10,100,30,20,↗ North/East,0,2,1
100,100,0.8,20,Goes to the biggest fire,0,1,0,10,100,30,20,↗ North/East,0,6,0
100,100,0.8,20,Goes to the biggest fire,0,1,0,10,100,30,20,↗ North/East,0,6,1
100,100,0.8,20,Goes to the biggest fire,0,1,0,10,100,30,20,↘ South/East,0,1,0
100,100,0.8,20,Goes to the biggest fire,0,1,0,10,100,30,20,↘ South/East,0,1,1
100,100,0.8,20,Goes to the biggest fire,0,1,0,10,100,30,20,↘ South/East,0,2,0
100,100,0.8,20,Goes to the biggest fire,0,1,0,10,100,30,20,↘ South/East,0,2,1
100,100,0.8,20,Goes to the biggest fire,0,1,0,10,100,30,20,↘ South/East,0,6,0
100,100,0.8,20,Goes to the biggest fire,0,1,0,10,100,30,20,↘ South/East,0,6,1
100,100,0.8,20,Goes to the biggest fire,0,1,0,10,100,30,20,↙ South/West,0,1,0
100,100,0.8,20,Goes to the biggest fire,0,1,0,10,100,30,20,↙ South/West,0,1,1
100,100,0.8,20,Goes to the biggest fire,0,1,0,10,100,30,20,↙ South/West,0,2,0
100,100,0.8,20,Goes to the biggest fire,0,1,0,10,100,30,20,↙ South/West,0,2,1
100,100,0.8,20,Goes to the biggest fire,0,1,0,10,100,30,20,↙ South/West,0,6,0
100,100,0.8,20,Goes to the biggest fire,0,1,0,10,100,30,20,↙ South/West,0,6,1
100,100,0.8,20,Goes to the biggest fire,0,1,0,10,100,30,20,↖ North/West,0,1,0
100,100,0.8,20,Goes to the biggest fire,0,1,0,10,100,30,20,↖ North/West,0,1,1
100,100,0.8,20,Goes to the biggest fire,0,1,0,10,100,30,20,↖ North/West,0,2,0
100,100,0.8,20,Goes to the biggest fire,0,1,0,10,100,30,20,↖ North/West,0,2,1
100,100,0.8,20,Goes to the biggest fire,0,1,0,10,100,30,20,↖ North/West,0,6,0
100,100,0.8,20,Goes to the biggest fire,0,1,0,10,100,30,20,↖ North/West,0,6,1
100,100,0.8,20,Goes to the biggest fire,0,1,0,30,100,15,20,↗ North/East,0,1,0
100,100,0.8,20,Goes to the biggest fire,0,1,0,30,100,15,20,↗ North/East,0,1,1
100,100,0.8,20,Goes to the biggest fire,0,1,0,30,100,15,20,↗ North/East,0,2,0
100,100,0.8,20,Goes to the biggest fire,0,1,0,30,100,15,20,↗ North/East,0,2,1
100,100,0.8,20,Goes to the biggest fire,0,1,0,30,100,15,20,↗ North/East,0,6,0
100,100,0.8,20,Goes to the biggest fire,0,1,0,30,100,15,20,↗ North/East,0,6,1
100,100,0.8,20,Goes to the biggest fire,0,1,0,30,100,15,20,↘ South/East,0,1,0
100,100,0.8,20,Goes to the biggest fire,0,1,0,30,100,15,20,↘ South/East,0,1,1
100,100,0.8,20,Goes to the biggest fire,0,1,0,30,100,15,20,↘ South/East,0,2,0
100,100,0.8,20,Goes to the biggest fire,0,1,0,30,100,15,20,↘ South/East,0,2,1
100,100,0.8,20,Goes to the biggest fire,0,1,0,30,100,15,20,↘ South/East,0,6,0
100,100,0.8,20,Goes to the biggest fire,0,1,0,30,100,15,20,↘ South/East,0,6,1
100,100,0.8,20,Goes to the biggest fire,0,1,0,30,100,15,20,↙ South/West,0,1,0
100,100,0.8,20,Goes to the biggest fire,0,1,0,30,100,15,20,↙ South/West,0,1,1
100,100,0.8,20,Goes to the biggest fire,0,1,0,30,100,15,20,↙ South/West,0,2,0
100,100,0.8,20,Goes to the biggest fire,0,1,0,30,100,15,20,↙ South/West,0,2,1
100,100,0.8,20,Goes to the biggest fire,0,1,0,30,100,15,20,↙ South/West,0,6,0
100,100,0.8,20,Goes to the biggest fire,0,1,0,30,100,15,20,↙ South/West,0,6,1
100,100,0.8,20,Goes to the biggest fire,0,1,0,30,100,15,20,↖ North/West,0,1,0
100,100,0.8,20,Goes to the biggest fire,0,1,0,30,100,15,20,↖ North/West,0,1,1
100,100,0.8,20,Goes to the biggest fire,0,1,0,30,100,15,20,↖ North/West,0,2,0
100,100,0.8,20,Goes to the biggest fire,0,1,0,30,100,15,20,↖ North/West,0,2,1
100,100,0.8,20,Goes to the biggest fire,0,1,0,30,100,15,20,↖ North/West,0,6,0
100,100,0.8,20,Goes to the biggest fire,0,1,0,30,100,15,20,↖ North/West,0,6,1
100,100,0.8,20,Goes to the biggest fire,0,1,0,30,100,20,20,↗ North/East,0,1,0
100,100,0.8,20,Goes to the biggest fire,0,1,0,30,100,20,20,↗ North/East,0,1,1
100,100,0.8,20,Goes to the biggest fire,0,1,0,30,100,20,20,↗ North/East,0,2,0
100,100,0.8,20,Goes to the biggest fire,0,1,0,30,100,20,20,↗ North/East,0,2,1
100,100,0.8,20,Goes to the biggest fire,0,1,0,30,100,20,20,↗ North/East,0,6,0
100,100,0.8,20,Goes to the biggest fire,0,1,0,30,100,20,20,↗ North/East,0,6,1
100,100,0.8,20,Goes to the biggest fire,0,1,0,30,100,20,20,↘ South/East,0,1,0
100,100,0.8,20,Goes to the biggest fire,0,1,0,30,100,20,20,↘ South/East,0,1,1
100,100,0.8,20,Goes to the biggest fire,0,1,0,30,100,20,20,↘ South/East,0,2,0
100,100,0.8,20,Goes to the biggest fire,0,1,0,30,100,20,20,↘ South/East,0,2,1
100,100,0.8,20,Goes to the biggest fire,0,1,0,30,100,20,20,↘ South/East,0,6,0
100,100,0.8,20,Goes to the biggest fire,0,1,0,30,100,20,20,↘ South/East,0,6,1
100,100,0.8,20,Goes to the biggest fire,0,1,0,30,100,20,20,↙ South/West,0,1,0
100,100,0.8,20,Goes to the biggest fire,0,1,0,30,100,20,20,↙ South/West,0,1,1
100,100,0.8,20,Goes to the biggest fire,0,1,0,30,100,20,20,↙ South/West,0,2,0
100,100,0.8,20,Goes to the biggest fire,0,1,0,30,100,20,20,↙ South/West,0,2,1
100,100,0.8,20,Goes to the biggest fire,0,1,0,30,100,20,20,↙ South/West,0,6,0
100,100,0.8,20,Goes to the biggest fire,0,1,0,30,100,20,20,↙ South/West,0,6,1
100,100,0.8,20,Goes to the biggest fire,0,1,0,30,100,20,20,↖ North/West,0,1,0
100,100,0.8,20,Goes to the biggest fire,0,1,0,30,100,20,20,↖ North/West,0,1,1
100,100,0.8,20,Goes to the biggest fire,0,1,0,30,100,20,20,↖ North/West,0,2,0
100,100,0.8,20,Goes to the biggest fire,0,1,0,30,100,20,20,↖ North/West,0,2,1
100,100,0.8,20,Goes to the biggest fire,0,1,0,30,100,20,20,↖ North/West,0,6,0
100,100,0.8,20,Goes to the biggest fire,0,1,0,30,100,20,20,↖ North/West,0,6,1
100,100,0.8,20,Goes to the biggest fire,0,1,0,30,100,25,20,↗ North/East,0,1,0
100,100,0.8,20,Goes to the biggest fire,0,1,0,30,100,25,20,↗ North/East,0,1,1
100,100,0.8,20,Goes to the biggest fire,0,1,0,30,100,25,20,↗ North/East,0,2,0
100,100,0.8,20,Goes to the biggest fire,0,1,0,30,100,25,20,↗ North/East,0,2,1
100,100,0.8,20,Goes to the biggest fire,0,1,0,30,100,25,20,↗ North/East,0,6,0
100,100,0.8,20,Goes to the biggest fire,0,1,0,30,100,25,20,↗ North/East,0,6,1
100,100,0.8,20,Goes to the biggest fire,0,1,0,30,100,25,20,↘ South/East,0,1,0
100,100,0.8,20,Goes to the biggest fire,0,1,0,30,100,25,20,↘ South/East,0,1,1
100,100,0.8,20,Goes to the biggest fire,0,1,0,30,100,25,20,↘ South/East,0,2,0
100,100,0.8,20,Goes to the biggest fire,0,1,0,30,100,25,20,↘ South/East,0,2,1
100,100,0.8,20,Goes to the biggest fire,0,1,0,30,100,25,20,↘ South/East,0,6,0
100,100,0.8,20,Goes to the biggest fire,0,1,0,30,100,25,20,↘ South/East,0,6,1
100,100,0.8,20,Goes to the biggest fire,0,1,0,30,100,25,20,↙ South/West,0,1,0
100,100,0.8,20,Goes to the biggest fire,0,1,0,30,100,25,20,↙ South/West,0,1,1
100,100,0.8,20,Goes to the biggest fire,0,1,0,30,100,25,20,↙ South/West,0,2,0
100,100,0.8,20,Goes to the biggest fire,0,1,0,30,100,25,20,↙ South/West,0,2,1
100,100,0.8,20,Goes to the biggest fire,0,1,0,30,100,25,20,↙ South/West,0,6,0
100,100,0.8,20,Goes to the biggest fire,0,1,0,30,100,25,20,↙ South/West,0,6,1
100,100,0.8,20,Goes to the biggest fire,0,1,0,30,100,25,20,↖ North/West,0,1,0
100,100,0.8,20,Goes to the biggest fire,0,1,0,30,100,25,20,↖ North/West,0,1,1
100,100,0.8,20,Goes to the biggest fire,0,1,0,30,100,25,20,↖ North/West,0,2,0
100,100,0.8,20,Goes to the biggest fire,0,1,0,30,100,25,20,↖ North/West,0,2,1
100,100,0.8,20,Goes to the biggest fire,0,1,0,30,100,25,20,↖ North/West,0,6,0
100,100,0.8,20,Goes to the biggest fire,0,1,0,30,100,25,20,↖ North/West,0,6,1
100,100,0.8,20,Goes to the biggest fire,0,1,0,30,100,30,20,↗ North/East,0,1,0
100,100,0.8,20,Goes to the biggest fire,0,1,0,30,100,30,20,↗ North/East,0,1,1
100,100,0.8,20,Goes to the biggest fire,0,1,0,30,100,30,20,↗ North/East,0,2,0
100,100,0.8,20,Goes to the biggest fire,0,1,0,30,100,30,20,↗ North/East,0,2,1
100,100,0.8,20,Goes to the biggest fire,0,1,0,30,100,30,20,↗ North/East,0,6,0
100,100,0.8,20,Goes to the biggest fire,0,1,0,30,100,30,20,↗ North/East,0,6,1
100,100,0.8,20,Goes to the biggest fire,0,1,0,30,100,30,20,↘ South/East,0,1,0
100,100,0.8,20,Goes to the biggest fire,0,1,0,30,100,30,20,↘ South/East,0,1,1
100,100,0.8,20,Goes to the biggest fire,0,1,0,30,100,30,20,↘ South/East,0,2,0
100,100,0.8,20,Goes to the biggest fire,0,1,0,30,100,30,20,↘ South/East,0,2,1
100,100,0.8,20,Goes to the biggest fire,0,1,0,30,100,30,20,↘ South/East,0,6,0
100,100,0.8,20,Goes to the biggest fire,0,1,0,30,100,30,20,↘ South/East,0,6,1
100,100,0.8,20,Goes to the biggest fire,0,1,0,30,100,30,20,↙ South/West,0,1,0
100,100,0.8,20,Goes to the biggest fire,0,1,0,30,100,30,20,↙ South/West,0,1,1
100,100,0.8,20,Goes to the biggest fire,0,1,0,30,100,30,20,↙ South/West,0,2,0
100,100,0.8,20,Goes to the biggest fire,0,1,0,30,100,30,20,↙ South/West,0,2,1
100,100,0.8,20,Goes to the biggest fire,0,1,0,30,100,30,20,↙ South/West,0,6,0
100,100,0.8,20,Goes to the biggest fire,0,1,0,30,100,30,20,↙ South/West,0,6,1
100,100,0.8,20,Goes to the biggest fire,0,1,0,30,100,30,20,↖ North/West,0,1,0
100,100,0.8,20,Goes to the biggest fire,0,1,0,30,100,30,20,↖ North/West,0,1,1
100,100,0.8,20,Goes to the biggest fire,0,1,0,30,100,30,20,↖ North/West,0,2,0
100,100,0.8,20,Goes to the biggest fire,0,1,0,30,100,30,20,↖ North/West,0,2,1
100,100,0.8,20,Goes to the biggest fire,0,1,0,30,100,30,20,↖ North/West,0,6,0
100,100,0.8,20,Goes to the biggest fire,0,1,0,30,100,30,20,↖ North/West,0,6,1
100,100,0.8,20,Goes to the biggest fire,0,1,0,50,100,15,20,↗ North/East,0,1,0
100,100,0.8,20,Goes to the biggest fire,0,1,0,50,100,15,20,↗ North/East,0,1,1
100,100,0.8,20,Goes to the biggest fire,0,1,0,50,100,15,20,↗ North/East,0,2,0
100,100,0.8,20,Goes to the biggest fire,0,1,0,50,100,15,20,↗ North/East,0,2,1
100,100,0.8,20,Goes to the biggest fire,0,1,0,50,100,15,20,↗ North/East,0,6,0
100,100,0.8,20,Goes to the biggest fire,0,1,0,50,100,15,20,↗ North/East,0,6,1
100,100,0.8,20,Goes to the biggest fire,0,1,0,50,100,15,20,↘ South/East,0,1,0
100,100,0.8,20,Goes to the biggest fire,0,1,0,50,100,15,20,↘ South/East,0,1,1
100,100,0.8,20,Goes to the biggest fire,0,1,0,50,100,15,20,↘ South/East,0,2,0
100,100,0.8,20,Goes to the biggest fire,0,1,0,50,100,15,20,↘ South/East,0,2,1
100,100,0.8,20,Goes to the biggest fire,0,1,0,50,100,15,20,↘ South/East,0,6,0
100,100,0.8,20,Goes to the biggest fire,0,1,0,50,100,15,20,↘ South/East,0,6,1
100,100,0.8,20,Goes to the biggest fire,0,1,0,50,100,15,20,↙ South/West,0,1,0
100,100,0.8,20,Goes to the biggest fire,0,1,0,50,100,15,20,↙ South/West,0,1,1
100,100,0.8,20,Goes to the biggest fire,0,1,0,50,100,15,20,↙ South/West,0,2,0
100,100,0.8,20,Goes to the biggest fire,0,1,0,50,100,15,20,↙ South/West,0,2,1
100,100,0.8,20,Goes to the biggest fire,0,1,0,50,100,15,20,↙ South/West,0,6,0
100,100,0.8,20,Goes to the biggest fire,0,1,0,50,100,15,20,↙ South/West,0,6,1
100,100,0.8,20,Goes to the biggest fire,0,1,0,50,100,15,20,↖ North/West,0,1,0
100,100,0.8,20,Goes to the biggest fire,0,1,0,50,100,15,20,↖ North/West,0,1,1
100,100,0.8,20,Goes to the biggest fire,0,1,0,50,100,15,20,↖ North/West,0,2,0
100,100,0.8,20,Goes to the biggest fire,0,1,0,50,100,15,20,↖ North/West,0,2,1
100,100,0.8,20,Goes to the biggest fire,0,1,0,50,100,15,20,↖ North/West,0,6,0
100,100,0.8,20,Goes to the biggest fire,0,1,0,50,100,15,20,↖ North/West,0,6,1
100,100,0.8,20,Goes to the biggest fire,0,1,0,50,100,20,20,↗ North/East,0,1,0
100,100,0.8,20,Goes to the biggest fire,0,1,0,50,100,20,20,↗ North/East,0,1,1
100,100,0.8,20,Goes to the biggest fire,0,1,0,50,100,20,20,↗ North/East,0,2,0
100,100,0.8,20,Goes to the biggest fire,0,1,0,50,100,20,20,↗ North/East,0,2,1
100,100,0.8,20,Goes to the biggest fire,0,1,0,50,100,20,20,↗ North/East,0,6,0
100,100,0.8,20,Goes to the biggest fire,0,1,0,50,100,20,20,↗ North/East,0,6,1
100,100,0.8,20,Goes to the biggest fire,0,1,0,50,100,20,20,↘ South/East,0,1,0
100,100,0.8,20,Goes to the biggest fire,0,1,0,50,100,20,20,↘ South/East,0,1,1
100,100,0.8,20,Goes to the biggest fire,0,1,0,50,100,20,20,↘ South/East,0,2,0
100,100,0.8,20,Goes to the biggest fire,0,1,0,50,100,20,20,↘ South/East,0,2,1
100,100,0.8,20,Goes to the biggest fire,0,1,0,50,100,20,20,↘ South/East,0,6,0
100,100,0.8,20,Goes to the biggest fire,0,1,0,50,100,20,20,↘ South/East,0,6,1
100,100,0.8,20,Goes to the biggest fire,0,1,0,50,100,20,20,↙ South/West,0,1,0
100,100,0.8,20,Goes to the biggest fire,0,1,0,50,100,20,20,↙ South/West,0,1,1
100,100,0.8,20,Goes to the biggest fire,0,1,0,50,100,20,20,↙ South/West,0,2,0
100,100,0.8,20,Goes to the biggest fire,0,1,0,50,100,20,20,↙ South/West,0,2,1
100,100,0.8,20,Goes to the biggest fire,0,1,0,50,100,20,20,↙ South/West,0,6,0
100,100,0.8,20,Goes to the biggest fire,0,1,0,50,100,20,20,↙ South/West,0,6,1
100,100,0.8,20,Goes to the biggest fire,0,1,0,50,100,20,20,↖ North/West,0,1,0
100,100,0.8,20,Goes to the biggest fire,0,1,0,50,100,20,20,↖ North/West,0,1,1
100,100,0.8,20,Goes to the biggest fire,0,1,0,50,100,20,20,↖ North/West,0,2,0
100,100,0.8,20,Goes to the biggest fire,0,1,0,50,100,20,20,↖ North/West,0,2,1
100,100,0.8,20,Goes to the biggest fire,0,1,0,50,100,20,20,↖ North/West,0,6,0
100,100,0.8,20,Goes to the biggest fire,0,1,0,50,100,20,20,↖ North/West,0,6,1
100,100,0.8,20,Goes to the biggest fire,0,1,0,50,100,25,20,↗ North/East,0,1,0
100,100,0.8,20,Goes to the biggest fire,0,1,0,50,100,25,20,↗ North/East,0,1,1
100,100,0.8,20,Goes to the biggest fire,0,1,0,50,100,25,20,↗ North/East,0,2,0
100,100,0.8,20,Goes to the biggest fire,0,1,0,50,100,25,20,↗ North/East,0,2,1
100,100,0.8,20,Goes to the biggest fire,0,1,0,50,100,25,20,↗ North/East,0,6,0
100,100,0.8,20,Goes to the biggest fire,0,1,0,50,100,25,20,↗ North/East,0,6,1
100,100,0.8,20,Goes to the biggest fire,0,1,0,50,100,25,20,↘ South/East,0,1,0
100,100,0.8,20,Goes to the biggest fire,0,1,0,50,100,25,20,↘ South/East,0,1,1
100,100,0.8,20,Goes to the biggest fire,0,1,0,50,100,25,20,↘ South/East,0,2,0
100,100,0.8,20,Goes to the biggest fire,0,1,0,50,100,25,20,↘ South/East,0,2,1
100,100,0.8,20,Goes to the biggest fire,0,1,0,50,100,25,20,↘ South/East,0,6,0
100,100,0.8,20,Goes to the biggest fire,0,1,0,50,100,25,20,↘ South/East,0,6,1
100,100,0.8,20,Goes to the biggest fire,0,1,0,50,100,25,20,↙ South/West,0,1,0
100,100,0.8,20,Goes to the biggest fire,0,1,0,50,100,25,20,↙ South/West,0,1,1
100,100,0.8,20,Goes to the biggest fire,0,1,0,50,100,25,20,↙ South/West,0,2,0
100,100,0.8,20,Goes to the biggest fire,0,1,0,50,100,25,20,↙ South/West,0,2,1
100,100,0.8,20,Goes to the biggest fire,0,1,0,50,100,25,20,↙ South/West,0,6,0
100,100,0.8,20,Goes to the biggest fire,0,1,0,50,100,25,20,↙ South/West,0,6,1
100,100,0.8,20,Goes to the biggest fire,0,1,0,50,100,25,20,↖ North/West,0,1,0
100,100,0.8,20,Goes to the biggest fire,0,1,0,50,100,25,20,↖ North/West,0,1,1
100,100,0.8,20,Goes to the biggest fire,0,1,0,50,100,25,20,↖ North/West,0,2,0
100,100,0.8,20,Goes to the biggest fire,0,1,0,50,100,25,20,↖ North/West,0,2,1
100,100,0.8,20,Goes to the biggest fire,0,1,0,50,100,25,20,↖ North/West,0,6,0
100,100,0.8,20,Goes to the biggest fire,0,1,0,50,100,25,20,↖ North/West,0,6,1
100,100,0.8,20,Goes to the biggest fire,0,1,0,50,100,30,20,↗ North/East,0,1,0
100,100,0.8,20,Goes to the biggest fire,0,1,0,50,100,30,20,↗ North/East,0,1,1
100,100,0.8,20,Goes to the biggest fire,0,1,0,50,100,30,20,↗ North/East,0,2,0
100,100,0.8,20,Goes to the biggest fire,0,1,0,50,100,30,20,↗ North/East,0,2,1
100,100,0.8,20,Goes to the biggest fire,0,1,0,50,100,30,20,↗ North/East,0,6,0
100,100,0.8,20,Goes to the biggest fire,0,1,0,50,100,30,20,↗ North/East,0,6,1
100,100,0.8,20,Goes to the biggest fire,0,1,0,50,100,30,20,↘ South/East,0,1,0
100,100,0.8,20,Goes to the biggest fire,0,1,0,50,100,30,20,↘ South/East,0,1,1
100,100,0.8,20,Goes to the biggest fire,0,1,0,50,100,30,20,↘ South/East,0,2,0
100,100,0.8,20,Goes to the biggest fire,0,1,0,50,100,30,20,↘ South/East,0,2,1
100,100,0.8,20,Goes to the biggest fire,0,1,0,50,100,30,20,↘ South/East,0,6,0
100,100,0.8,20,Goes to the biggest fire,0,1,0,50,100,30,20,↘ South/East,0,6,1
100,100,0.8,20,Goes to the biggest fire,0,1,0,50,100,30,20,↙ South/West,0,1,0
100,100,0.8,20,Goes to the biggest fire,0,1,0,50,100,30,20,↙ South/West,0,1,1
100,100,0.8,20,Goes to the biggest fire,0,1,0,50,100,30,20,↙ South/West,0,2,0
100,100,0.8,20,Goes to the biggest fire,0,1,0,50,100,30,20,↙ South/West,0,2,1
100,100,0.8,20,Goes to the biggest fire,0,1,0,50,100,30,20,↙ South/West,0,6,0
100,100,0.8,20,Goes to the biggest fire,0,1,0,50,100,30,20,↙ South/West,0,6,1
100,100,0.8,20,Goes to the biggest fire,0,1,0,50,100,30,20,↖ North/West,0,1,0
100,100,0.8,20,Goes to the biggest fire,0,1,0,50,100,30,20,↖ North/West,0,1,1
100,100,0.8,20,Goes to the biggest fire,0,1,0,50,100,30,20,↖ North/West,0,2,0
100,100,0.8,20,Goes to the biggest fire,0,1,0,50,100,30,20,↖ North/West,0,2,1
100,100,0.8,20,Goes to the biggest fire,0,1,0,50,100,30,20,↖ North/West,0,6,0
100,100,0.8,20,Goes to the biggest fire,0,1,0,50,100,30,20,↖ North/West,0,6,1
